fy,type,cost
2020,Lower threshold,16141497.9666096
2020,Point estimate,25806751.2217358
2020,Upper threshold,36942453.9352683
2021,Lower threshold,10452045.2997476
2021,Point estimate,28036369.9843686
2021,Upper threshold,52949645.2271161
2022,Lower threshold,7392806.41972493
2022,Point estimate,33712932.422884
2022,Upper threshold,72786756.0755403
