fy,type,cost
2020,Lower threshold,10969813.5117519
2020,Point estimate,13888531.9248522
2020,Upper threshold,18553328.5511871
2021,Lower threshold,0
2021,Point estimate,1326526.2034578
2021,Upper threshold,27458904.1694439
2022,Lower threshold,0
2022,Point estimate,95138.7397071005
2022,Upper threshold,60492051.2894074
