fy,type,cost
2020,Lower threshold,22593535.2888886
2020,Point estimate,31223907.5486612
2020,Upper threshold,41541503.7356774
2021,Lower threshold,21040326.6947678
2021,Point estimate,41250543.8907476
2021,Upper threshold,70612920.2652942
2022,Lower threshold,18428824.1053545
2022,Point estimate,52558687.0961972
2022,Upper threshold,108408559.528101
